CREATE TABLE 口座 (  口座番号 CHAR(7), 名義 VARCHAR(40), 種別 CHAR(1), 残高 INTEGER, 更新日 DATE  ); CREATE TABLE 廃止口座 (  口座番号 CHAR(7), 名義 VARCHAR(40), 種別 CHAR(1), 解約時残高 INTEGER, 解約日 DATE  ); CREATE TABLE 取引 (  取引番号 INTEGER, 取引事由ID INTEGER, 日付 DATE, 口座番号 CHAR(7), 入金額 INTEGER, 出金額 INTEGER  ); CREATE TABLE 取引事由 (  取引事由ID INTEGER, 取引事由名 VARCHAR(20)  ); INSERT INTO 口座 ( 口座番号,名義,種別,残高,更新日 ) VALUES ( '0037651','キタムラ　ユウコ',1,1341107,'2024-01-03' );INSERT INTO 口座 ( 口座番号,名義,種別,残高,更新日 ) VALUES ( '0100807','アキタ　サトル',3,10000,'2022-11-30' );INSERT INTO 口座 ( 口座番号,名義,種別,残高,更新日 ) VALUES ( '0311240','キムラ　タエ',1,63409,'2024-03-20' );INSERT INTO 口座 ( 口座番号,名義,種別,残高,更新日 ) VALUES ( '0351333','アイダ　ミユ',1,367911,'2024-01-06' );INSERT INTO 口座 ( 口座番号,名義,種別,残高,更新日 ) VALUES ( '0671412','タムラ　タカシ',1,678044,NULL );INSERT INTO 口座 ( 口座番号,名義,種別,残高,更新日 ) VALUES ( '0887132','スギノ　ノリヨ',1,3491000,'2024-03-11' );INSERT INTO 口座 ( 口座番号,名義,種別,残高,更新日 ) VALUES ( '0976410','タムラ　タカシ',1,9803,'2022-08-30' );INSERT INTO 口座 ( 口座番号,名義,種別,残高,更新日 ) VALUES ( '1016840','オカダ　トシロウ',2,0,'2023-11-13' );INSERT INTO 口座 ( 口座番号,名義,種別,残高,更新日 ) VALUES ( '1017119','ソネ　タツヤ',1,265000,'2023-11-26' );INSERT INTO 口座 ( 口座番号,名義,種別,残高,更新日 ) VALUES ( '1046990','ツヅキ　ジュンヤ',1,378911,'2022-03-01' );INSERT INTO 口座 ( 口座番号,名義,種別,残高,更新日 ) VALUES ( '1106405','センカワ　シゲル',2,5310840,'2024-03-24' );INSERT INTO 口座 ( 口座番号,名義,種別,残高,更新日 ) VALUES ( '1115600','カガ　アキヨ',1,500000,'2023-12-28' );INSERT INTO 口座 ( 口座番号,名義,種別,残高,更新日 ) VALUES ( '1170894','タムラ　タカシ',2,100000,'2022-04-01' );INSERT INTO 口座 ( 口座番号,名義,種別,残高,更新日 ) VALUES ( '1193442','ツキシマ　ワタル',1,5325,'2023-01-22' );INSERT INTO 口座 ( 口座番号,名義,種別,残高,更新日 ) VALUES ( '1217756','ハマダ　サトシ',1,1399805,'2023-03-24' );INSERT INTO 口座 ( 口座番号,名義,種別,残高,更新日 ) VALUES ( '1234161','クボデラ　ヨウイチ',1,941670,'2024-03-23' );INSERT INTO 口座 ( 口座番号,名義,種別,残高,更新日 ) VALUES ( '1316990','モリモト　ハシヤ',1,450980,'2023-12-30' );INSERT INTO 口座 ( 口座番号,名義,種別,残高,更新日 ) VALUES ( '1566705','スエナガ　アキコ',1,234164,'2024-01-31' );INSERT INTO 口座 ( 口座番号,名義,種別,残高,更新日 ) VALUES ( '1804479','マツモト　ミワコ',1,53154,'2023-03-03' );INSERT INTO 口座 ( 口座番号,名義,種別,残高,更新日 ) VALUES ( '1840675','サイトウ　モモコ',1,0,'2024-01-10' );INSERT INTO 口座 ( 口座番号,名義,種別,残高,更新日 ) VALUES ( '1977301','エガワ　サトコ',1,5325,'2023-02-19' );INSERT INTO 口座 ( 口座番号,名義,種別,残高,更新日 ) VALUES ( '2004456','カワムラ　タツヤ',1,500000,'2023-12-27' );INSERT INTO 口座 ( 口座番号,名義,種別,残高,更新日 ) VALUES ( '2086041','セキグチ　ショウイチロウ',1,4397010,'2024-01-15' );INSERT INTO 口座 ( 口座番号,名義,種別,残高,更新日 ) VALUES ( '2094113','ハシモト　リョウジ',1,3110990,'2024-02-25' );INSERT INTO 口座 ( 口座番号,名義,種別,残高,更新日 ) VALUES ( '2226460','ホリ　ミツル',1,904620,'2024-02-02' );INSERT INTO 口座 ( 口座番号,名義,種別,残高,更新日 ) VALUES ( '2234108','サカタ　リョウヘイ',1,1147913,'2023-02-14' );INSERT INTO 口座 ( 口座番号,名義,種別,残高,更新日 ) VALUES ( '2316474','セキ　ショウタロウ',3,1064497,'2023-12-02' );INSERT INTO 口座 ( 口座番号,名義,種別,残高,更新日 ) VALUES ( '2750902','コイズミ　マチコ',1,714166,'2024-03-24' );INSERT INTO 口座 ( 口座番号,名義,種別,残高,更新日 ) VALUES ( 2761055,'ワダ　アキヒコ',1,14190,'2024-01-21' );INSERT INTO 口座 ( 口座番号,名義,種別,残高,更新日 ) VALUES ( '3104451','ナカジョウ　ヨシヒコ',2,8136406,'2024-03-13' );INSERT INTO 廃止口座 ( 口座番号,名義,種別,解約時残高,解約日 ) VALUES ( '0051432','オダ　シンタロウ',1,41310,'2023-12-24' );INSERT INTO 廃止口座 ( 口座番号,名義,種別,解約時残高,解約日 ) VALUES ( '0097310','サイトウ　モモコ',1,130040,'2022-06-25' );INSERT INTO 廃止口座 ( 口座番号,名義,種別,解約時残高,解約日 ) VALUES ( '0945671','モリシタ　カズミ',1,0,'2022-12-18' );INSERT INTO 廃止口座 ( 口座番号,名義,種別,解約時残高,解約日 ) VALUES ( '1017100','ソネ　タツヤ',1,0,'2022-11-08' );INSERT INTO 取引 ( 取引番号,取引事由ID,日付,口座番号,入金額,出金額 ) VALUES ( 1,19,'2022-01-05','0051432',NULL,41310 );INSERT INTO 取引 ( 取引番号,取引事由ID,日付,口座番号,入金額,出金額 ) VALUES ( 2,1,'2022-03-01',1017119,65000,NULL );INSERT INTO 取引 ( 取引番号,取引事由ID,日付,口座番号,入金額,出金額 ) VALUES ( 3,2,'2022-03-01',1046990,NULL,19000 );INSERT INTO 取引 ( 取引番号,取引事由ID,日付,口座番号,入金額,出金額 ) VALUES ( 4,5,'2022-03-01','0945671',NULL,NULL );INSERT INTO 取引 ( 取引番号,取引事由ID,日付,口座番号,入金額,出金額 ) VALUES ( 5,1,'2022-09-03','0887132',1000000,NULL );INSERT INTO 取引 ( 取引番号,取引事由ID,日付,口座番号,入金額,出金額 ) VALUES ( 6,1,'2022-12-10','0887132',1000000,NULL );INSERT INTO 取引 ( 取引番号,取引事由ID,日付,口座番号,入金額,出金額 ) VALUES ( 7,3,'2023-06-10','0887132',1000000,NULL );INSERT INTO 取引 ( 取引番号,取引事由ID,日付,口座番号,入金額,出金額 ) VALUES ( 8,2,'2023-11-26',1017119,NULL,200000 );INSERT INTO 取引 ( 取引番号,取引事由ID,日付,口座番号,入金額,出金額 ) VALUES ( 9,1,'2023-12-10',2086041,1164047,NULL );INSERT INTO 取引 ( 取引番号,取引事由ID,日付,口座番号,入金額,出金額 ) VALUES ( 10,3,'2023-12-10','0887132',491000,NULL );INSERT INTO 取引 ( 取引番号,取引事由ID,日付,口座番号,入金額,出金額 ) VALUES ( 11,1,'2023-12-25','0037651',30000,NULL );INSERT INTO 取引 ( 取引番号,取引事由ID,日付,口座番号,入金額,出金額 ) VALUES ( 12,2,'2023-12-28',1115600,NULL,100000 );INSERT INTO 取引 ( 取引番号,取引事由ID,日付,口座番号,入金額,出金額 ) VALUES ( 13,3,'2023-12-28',1115600,NULL,120000 );INSERT INTO 取引 ( 取引番号,取引事由ID,日付,口座番号,入金額,出金額 ) VALUES ( 14,6,'2023-12-28',1115600,NULL,256 );INSERT INTO 取引 ( 取引番号,取引事由ID,日付,口座番号,入金額,出金額 ) VALUES ( 15,3,'2023-12-28',1115600,31500,NULL );INSERT INTO 取引 ( 取引番号,取引事由ID,日付,口座番号,入金額,出金額 ) VALUES ( 16,1,'2024-01-05','0311240',100000,NULL );INSERT INTO 取引 ( 取引番号,取引事由ID,日付,口座番号,入金額,出金額 ) VALUES ( 17,1,'2024-01-11','0351333',50000,NULL );INSERT INTO 取引 ( 取引番号,取引事由ID,日付,口座番号,入金額,出金額 ) VALUES ( 18,3,'2024-01-11','0351333',NULL,12600 );INSERT INTO 取引 ( 取引番号,取引事由ID,日付,口座番号,入金額,出金額 ) VALUES ( 19,6,'2024-01-11','0351333',NULL,128 );INSERT INTO 取引 ( 取引番号,取引事由ID,日付,口座番号,入金額,出金額 ) VALUES ( 20,3,'2024-01-21',1106405,1714930,NULL );INSERT INTO 取引 ( 取引番号,取引事由ID,日付,口座番号,入金額,出金額 ) VALUES ( 21,1,'2024-02-01',3104451,100000,NULL );INSERT INTO 取引 ( 取引番号,取引事由ID,日付,口座番号,入金額,出金額 ) VALUES ( 22,2,'2024-02-25',3104451,NULL,60000 );INSERT INTO 取引 ( 取引番号,取引事由ID,日付,口座番号,入金額,出金額 ) VALUES ( 23,4,'2024-02-28',2750902,NULL,NULL );INSERT INTO 取引 ( 取引番号,取引事由ID,日付,口座番号,入金額,出金額 ) VALUES ( 24,3,'2024-03-13',3104451,807310,NULL );INSERT INTO 取引 ( 取引番号,取引事由ID,日付,口座番号,入金額,出金額 ) VALUES ( 25,2,'2024-03-13',3104451,NULL,55000 );INSERT INTO 取引 ( 取引番号,取引事由ID,日付,口座番号,入金額,出金額 ) VALUES ( 26,3,'2024-03-13',3104451,NULL,15100 );INSERT INTO 取引 ( 取引番号,取引事由ID,日付,口座番号,入金額,出金額 ) VALUES ( 27,2,'2024-03-20','0311240',NULL,36591 );INSERT INTO 取引 ( 取引番号,取引事由ID,日付,口座番号,入金額,出金額 ) VALUES ( 28,2,'2024-03-23',1234161,NULL,30000 );INSERT INTO 取引 ( 取引番号,取引事由ID,日付,口座番号,入金額,出金額 ) VALUES ( 29,1,'2024-03-23',2750902,50000,NULL );INSERT INTO 取引事由 ( 取引事由ID,取引事由名 ) VALUES ( 1,'預入' );INSERT INTO 取引事由 ( 取引事由ID,取引事由名 ) VALUES ( 2,'引出' );INSERT INTO 取引事由 ( 取引事由ID,取引事由名 ) VALUES ( 3,'振込' );INSERT INTO 取引事由 ( 取引事由ID,取引事由名 ) VALUES ( 4,'通帳記入' );INSERT INTO 取引事由 ( 取引事由ID,取引事由名 ) VALUES ( 5,'残高照会' );INSERT INTO 取引事由 ( 取引事由ID,取引事由名 ) VALUES ( 6,'手数料引落' );INSERT INTO 取引事由 ( 取引事由ID,取引事由名 ) VALUES ( 9,'その他' );
